"filename", "language", "Markdown", "Go Checksum File", "Go Module File", "Go", "MS SQL", "Ini", "comment", "blank", "total"
"/home/y1nhui/work/github_own/luna-dial/luna_dial_server/cmd/init/main.go", "Go", 0, 0, 0, 38, 0, 0, 5, 11, 54
"/home/y1nhui/work/github_own/luna-dial/luna_dial_server/cmd/main.go", "Go", 0, 0, 0, 4, 0, 0, 0, 2, 6
"/home/y1nhui/work/github_own/luna-dial/luna_dial_server/configs/config.ini", "Ini", 0, 0, 0, 0, 0, 15, 0, 4, 19
"/home/y1nhui/work/github_own/luna-dial/luna_dial_server/doc/DDD文档.md", "Markdown", 135, 0, 0, 0, 0, 0, 0, 36, 171
"/home/y1nhui/work/github_own/luna-dial/luna_dial_server/doc/TDD测试计划.md", "Markdown", 287, 0, 0, 0, 0, 0, 0, 40, 327
"/home/y1nhui/work/github_own/luna-dial/luna_dial_server/docs/SYSTEM_INIT.md", "Markdown", 92, 0, 0, 0, 0, 0, 0, 42, 134
"/home/y1nhui/work/github_own/luna-dial/luna_dial_server/examples/main_with_init.go", "Go", 0, 0, 0, 33, 0, 0, 7, 11, 51
"/home/y1nhui/work/github_own/luna-dial/luna_dial_server/go.mod", "Go Module File", 0, 0, 38, 0, 0, 0, 0, 4, 42
"/home/y1nhui/work/github_own/luna-dial/luna_dial_server/go.sum", "Go Checksum File", 0, 191, 0, 0, 0, 0, 0, 1, 192
"/home/y1nhui/work/github_own/luna-dial/luna_dial_server/internal/biz/errors.go", "Go", 0, 0, 0, 42, 0, 0, 5, 7, 54
"/home/y1nhui/work/github_own/luna-dial/luna_dial_server/internal/biz/journal.go", "Go", 0, 0, 0, 201, 0, 0, 21, 34, 256
"/home/y1nhui/work/github_own/luna-dial/luna_dial_server/internal/biz/journal_repo.go", "Go", 0, 0, 0, 13, 0, 0, 0, 3, 16
"/home/y1nhui/work/github_own/luna-dial/luna_dial_server/internal/biz/journal_test.go", "Go", 0, 0, 0, 494, 0, 0, 53, 107, 654
"/home/y1nhui/work/github_own/luna-dial/luna_dial_server/internal/biz/period.go", "Go", 0, 0, 0, 170, 0, 0, 25, 29, 224
"/home/y1nhui/work/github_own/luna-dial/luna_dial_server/internal/biz/period_test.go", "Go", 0, 0, 0, 810, 0, 0, 21, 31, 862
"/home/y1nhui/work/github_own/luna-dial/luna_dial_server/internal/biz/plan.go", "Go", 0, 0, 0, 82, 0, 0, 7, 18, 107
"/home/y1nhui/work/github_own/luna-dial/luna_dial_server/internal/biz/plan_test.go", "Go", 0, 0, 0, 489, 0, 0, 51, 82, 622
"/home/y1nhui/work/github_own/luna-dial/luna_dial_server/internal/biz/task.go", "Go", 0, 0, 0, 425, 0, 0, 67, 81, 573
"/home/y1nhui/work/github_own/luna-dial/luna_dial_server/internal/biz/task_repo.go", "Go", 0, 0, 0, 14, 0, 0, 0, 3, 17
"/home/y1nhui/work/github_own/luna-dial/luna_dial_server/internal/biz/task_test.go", "Go", 0, 0, 0, 560, 0, 0, 56, 137, 753
"/home/y1nhui/work/github_own/luna-dial/luna_dial_server/internal/biz/user.go", "Go", 0, 0, 0, 247, 0, 0, 27, 38, 312
"/home/y1nhui/work/github_own/luna-dial/luna_dial_server/internal/biz/user_repo.go", "Go", 0, 0, 0, 10, 0, 0, 0, 3, 13
"/home/y1nhui/work/github_own/luna-dial/luna_dial_server/internal/biz/user_test.go", "Go", 0, 0, 0, 633, 0, 0, 37, 175, 845
"/home/y1nhui/work/github_own/luna-dial/luna_dial_server/internal/biz/util_test.go", "Go", 0, 0, 0, 17, 0, 0, 1, 5, 23
"/home/y1nhui/work/github_own/luna-dial/luna_dial_server/internal/data/converter.go", "Go", 0, 0, 0, 196, 0, 0, 18, 36, 250
"/home/y1nhui/work/github_own/luna-dial/luna_dial_server/internal/data/data.go", "Go", 0, 0, 0, 27, 0, 0, 5, 9, 41
"/home/y1nhui/work/github_own/luna-dial/luna_dial_server/internal/data/models.go", "Go", 0, 0, 0, 38, 0, 0, 4, 5, 47
"/home/y1nhui/work/github_own/luna-dial/luna_dial_server/internal/data/repo.go", "Go", 0, 0, 0, 194, 0, 0, 8, 51, 253
"/home/y1nhui/work/github_own/luna-dial/luna_dial_server/internal/data/session.go", "Go", 0, 0, 0, 41, 0, 0, 13, 14, 68
"/home/y1nhui/work/github_own/luna-dial/luna_dial_server/internal/data/session_memory.go", "Go", 0, 0, 0, 153, 0, 0, 20, 42, 215
"/home/y1nhui/work/github_own/luna-dial/luna_dial_server/internal/data/systemConfig.go", "Go", 0, 0, 0, 189, 0, 0, 33, 49, 271
"/home/y1nhui/work/github_own/luna-dial/luna_dial_server/internal/model/errors.go", "Go", 0, 0, 0, 10, 0, 0, 4, 5, 19
"/home/y1nhui/work/github_own/luna-dial/luna_dial_server/internal/model/request.go", "Go", 0, 0, 0, 5, 0, 0, 0, 2, 7
"/home/y1nhui/work/github_own/luna-dial/luna_dial_server/internal/server/server.go", "Go", 0, 0, 0, 1, 0, 0, 0, 1, 2
"/home/y1nhui/work/github_own/luna-dial/luna_dial_server/internal/service/auth_handle.go", "Go", 0, 0, 0, 134, 0, 0, 8, 16, 158
"/home/y1nhui/work/github_own/luna-dial/luna_dial_server/internal/service/journal_handle.go", "Go", 0, 0, 0, 21, 0, 0, 1, 5, 27
"/home/y1nhui/work/github_own/luna-dial/luna_dial_server/internal/service/plan_handle.go", "Go", 0, 0, 0, 21, 0, 0, 0, 5, 26
"/home/y1nhui/work/github_own/luna-dial/luna_dial_server/internal/service/request.go", "Go", 0, 0, 0, 41, 0, 0, 0, 6, 47
"/home/y1nhui/work/github_own/luna-dial/luna_dial_server/internal/service/response.go", "Go", 0, 0, 0, 83, 0, 0, 11, 15, 109
"/home/y1nhui/work/github_own/luna-dial/luna_dial_server/internal/service/service.go", "Go", 0, 0, 0, 60, 0, 0, 6, 19, 85
"/home/y1nhui/work/github_own/luna-dial/luna_dial_server/internal/service/session.go", "Go", 0, 0, 0, 131, 0, 0, 18, 26, 175
"/home/y1nhui/work/github_own/luna-dial/luna_dial_server/internal/service/task_handle.go", "Go", 0, 0, 0, 95, 0, 0, 11, 20, 126
"/home/y1nhui/work/github_own/luna-dial/luna_dial_server/internal/service/task_handle_test.go", "Go", 0, 0, 0, 56, 0, 0, 4, 8, 68
"/home/y1nhui/work/github_own/luna-dial/luna_dial_server/internal/service/user_handle.go", "Go", 0, 0, 0, 47, 0, 0, 5, 8, 60
"/home/y1nhui/work/github_own/luna-dial/luna_dial_server/migrations/0001_init_schema.down.sql", "MS SQL", 0, 0, 0, 0, 4, 0, 4, 4, 12
"/home/y1nhui/work/github_own/luna-dial/luna_dial_server/migrations/0001_init_schema.up.sql", "MS SQL", 0, 0, 0, 0, 59, 0, 5, 13, 77
"/home/y1nhui/work/github_own/luna-dial/luna_dial_server/migrations/0002_init_system_data.down.sql", "MS SQL", 0, 0, 0, 0, 2, 0, 4, 3, 9
"/home/y1nhui/work/github_own/luna-dial/luna_dial_server/migrations/0002_init_system_data.up.sql", "MS SQL", 0, 0, 0, 0, 0, 0, 4, 2, 6
"Total", "-", 514, 191, 38, 5825, 65, 15, 569, 1268, 8485